The Cohort Ontology,ontologies/EnigmaOntology/release/cohort/1.1.0/ontology.ttl,cohort/1.1.0/index-en.html
The Person Ontology,ontologies/EnigmaOntology/release/person/1.1.0/ontology.ttl,person/1.1.0/index-en.html
The Project Ontology,ontologies/EnigmaOntology/release/project/1.1.0/ontology.ttl,project/1.1.0/index-en.html
The Core Ontology,ontologies/EnigmaOntology/release/core/1.1.0/ontology.ttl,core/1.1.0/index-en.html
The PD Cardiovascular Ontology,ontologies/EnigmaOntology/release/pd-cardiovascular/1.1.0/ontology.ttl,pd-cardiovascular/1.1.0/index-en.html
The PD Cognitive Ontology,ontologies/EnigmaOntology/release/pd-cognitive/1.1.0/ontology.ttl,pd-cognitive/1.1.0/index-en.html
The PD Demographic Ontology,ontologies/EnigmaOntology/release/pd-demographics/1.1.0/ontology.ttl,pd-demographics/1.1.0/index-en.html
The PD Neuropsychiatric Ontology,ontologies/EnigmaOntology/release/pd-neuropsychiatric/1.1.0/ontology.ttl,pd-neuropsychiatric/1.1.0/index-en.html
The Organization Ontology,ontologies/EnigmaOntology/release/organization/1.1.0/ontology.ttl,organization/1.1.0/index-en.html
The Protocol Ontology,ontologies/EnigmaOntology/release/protocol/1.0.0/ontology.ttl,protocol/1.0.0/index-en.html
The Roles Ontology,ontologies/EnigmaOntology/release/roles/1.1.0/ontology.ttl,roles/1.1.0/index-en.html
The Scanner Ontology,ontologies/EnigmaOntology/release/scanner/1.0.0/ontology.ttl,scanner/1.0.0/index-en.html
The Working Group Ontology,ontologies/EnigmaOntology/release/workingGroup/1.1.0/ontology.ttl,workingGroup/1.1.0/index-en.html
The Demographic Ontology,ontologies/EnigmaOntology/release/demographic/1.1.0/ontology.ttl,demographic/1.1.0/index-en.html